date,n_calls,n_answered,answer_machines,answ_m_share,answered_share,leads,lead_fr_answered,approved,approved_share,approved_of_answered
20.04.2021,9734,3977,0,0.000,0.409,175,0.044,69,0.394,0.017
21.04.2021,12416,4701,0,0.000,0.379,151,0.032,73,0.483,0.016
22.04.2021,6620,3176,0,0.000,0.480,69,0.022,50,0.725,0.016
24.04.2021,0,0,0,0.000,0.000,0,0.000,0,0.000,0.000
23.04.2021,0,0,0,0.000,0.000,0,0.000,0,0.000,0.000
25.04.2021,5840,2775,0,0.000,0.475,46,0.017,24,0.522,0.009
26.04.2021,6724,3772,0,0.000,0.561,90,0.024,54,0.600,0.014
27.04.2021,7096,3151,0,0.000,0.444,44,0.014,19,0.432,0.006
28.04.2021,8538,2895,0,0.000,0.339,56,0.019,34,0.607,0.012
29.04.2021,6086,2193,0,0.000,0.360,77,0.035,26,0.338,0.012
30.04.2021,6417,2594,0,0.000,0.404,97,0.037,37,0.381,0.014
01.05.2021,0,0,0,0.000,0.000,0,0.000,0,0.000,0.000
02.05.2021,6048,3086,0,0.000,0.510,75,0.024,24,0.320,0.008
03.05.2021,7290,2513,0,0.000,0.345,71,0.028,31,0.437,0.012
04.05.2021,6977,3417,0,0.000,0.490,87,0.025,42,0.483,0.012
05.05.2021,5290,1690,0,0.000,0.319,44,0.026,23,0.523,0.014
06.05.2021,10972,2596,0,0.000,0.237,58,0.022,35,0.603,0.013
07.05.2021,0,0,0,0.000,0.000,0,0.000,0,0.000,0.000
08.05.2021,0,0,0,0.000,0.000,0,0.000,0,0.000,0.000
09.05.2021,1911,943,0,0.000,0.493,24,0.025,10,0.417,0.011
10.05.2021,3868,1345,0,0.000,0.348,30,0.022,14,0.467,0.010
11.05.2021,1672,683,0,0.000,0.408,24,0.035,10,0.417,0.015
12.05.2021,64,29,0,0.000,0.453,1,0.034,0,0.000,0.000
13.05.2021,10490,3063,0,0.000,0.292,65,0.021,36,0.554,0.012
14.05.2021,0,0,0,0.000,0.000,0,0.000,0,0.000,0.000
15.05.2021,0,0,0,0.000,0.000,0,0.000,0,0.000,0.000
16.05.2021,0,0,0,0.000,0.000,0,0.000,0,0.000,0.000
17.05.2021,0,0,0,0.000,0.000,0,0.000,0,0.000,0.000
18.05.2021,0,0,0,0.000,0.000,0,0.000,0,0.000,0.000
19.05.2021,0,0,0,0.000,0.000,0,0.000,0,0.000,0.000
20.05.2021,0,0,0,0.000,0.000,0,0.000,0,0.000,0.000
21.05.2021,0,0,0,0.000,0.000,0,0.000,0,0.000,0.000
22.05.2021,0,0,0,0.000,0.000,0,0.000,0,0.000,0.000
23.05.2021,0,0,0,0.000,0.000,0,0.000,0,0.000,0.000
24.05.2021,0,0,0,0.000,0.000,0,0.000,0,0.000,0.000
25.05.2021,0,0,0,0.000,0.000,0,0.000,0,0.000,0.000
26.05.2021,3868,1280,0,0.000,0.331,25,0.020,0,0.000,0.000
27.05.2021,10742,3957,0,0.000,0.368,114,0.029,0,0.000,0.000
28.05.2021,0,0,0,0.000,0.000,0,0.000,0,0.000,0.000
29.05.2021,0,0,0,0.000,0.000,0,0.000,0,0.000,0.000
30.05.2021,12741,5937,0,0.000,0.466,127,0.021,78,0.614,0.013
01.06.2021,0,0,0,0.000,0.000,0,0.000,0,0.000,0.000
02.06.2021,36557,17432,0,0.000,0.477,466,0.027,229,0.491,0.013
03.06.2021,26862,12419,0,0.000,0.462,370,0.030,189,0.511,0.015
04.06.2021,0,0,0,0.000,0.000,0,0.000,0,0.000,0.000
05.06.2021,0,0,0,0.000,0.000,0,0.000,0,0.000,0.000
06.06.2021,28370,14836,0,0.000,0.523,435,0.029,233,0.536,0.016
07.06.2021,21194,10106,0,0.000,0.477,331,0.033,181,0.547,0.018
08.06.2021,16658,11506,0,0.000,0.691,381,0.033,209,0.549,0.018
09.06.2021,21865,11997,0,0.000,0.549,414,0.035,229,0.553,0.019
10.06.2021,17892,9767,0,0.000,0.546,323,0.033,200,0.619,0.020
11.06.2021,0,0,0,0.000,0.000,0,0.000,0,0.000,0.000
12.06.2021,0,0,0,0.000,0.000,0,0.000,0,0.000,0.000
13.06.2021,13980,8085,0,0.000,0.578,257,0.032,153,0.595,0.019
14.06.2021,20092,11261,0,0.000,0.560,352,0.031,206,0.585,0.018
15.06.2021,22568,10643,0,0.000,0.472,339,0.032,191,0.563,0.018
16.06.2021,27153,11444,0,0.000,0.421,319,0.028,216,0.677,0.019
17.06.2021,38592,16807,0,0.000,0.436,484,0.029,322,0.665,0.019
18.06.2021,0,0,0,0.000,0.000,0,0.000,0,0.000,0.000
19.06.2021,0,0,0,0.000,0.000,0,0.000,0,0.000,0.000
20.06.2021,10526,5057,0,0.000,0.480,131,0.026,75,0.573,0.015
21.06.2021,24297,11864,0,0.000,0.488,321,0.027,213,0.664,0.018
22.06.2021,23878,12086,0,0.000,0.506,320,0.026,207,0.647,0.017
23.06.2021,28142,12873,0,0.000,0.457,202,0.016,123,0.609,0.010
24.06.2021,32596,12858,0,0.000,0.394,351,0.027,226,0.644,0.018
25.06.2021,0,0,0,0.000,0.000,0,0.000,0,0.000,0.000
26.06.2021,0,0,0,0.000,0.000,0,0.000,0,0.000,0.000
27.06.2021,24788,12722,0,0.000,0.513,351,0.028,229,0.652,0.018
28.06.2021,29545,13177,0,0.000,0.446,362,0.027,227,0.627,0.017
29.06.2021,23371,10958,0,0.000,0.469,360,0.033,233,0.647,0.021
30.06.2021,26397,12128,0,0.000,0.459,347,0.029,218,0.628,0.018
01.07.2021,22526,10611,1620,0.072,0.471,311,0.029,189,0.608,0.018
02.07.2021,0,0,0,0.000,0.000,0,0.000,0,0.000,0.000
03.07.2021,0,0,0,0.000,0.000,0,0.000,0,0.000,0.000
04.07.2021,42550,16604,2269,0.053,0.390,524,0.032,371,0.708,0.022
05.07.2021,20758,9878,1461,0.070,0.476,299,0.030,203,0.679,0.021
06.07.2021,0,0,0,0.000,0.000,0,0.000,0,0.000,0.000
07.07.2021,0,0,0,0.000,0.000,0,0.000,0,0.000,0.000
08.07.2021,0,0,0,0.000,0.000,0,0.000,0,0.000,0.000
09.07.2021,0,0,0,0.000,0.000,0,0.000,0,0.000,0.000
10.07.2021,0,0,0,0.000,0.000,0,0.000,0,0.000,0.000
11.07.2021,36298,11104,699,0.019,0.306,286,0.026,195,0.682,0.018
12.07.2021,32986,10929,1242,0.038,0.331,290,0.027,195,0.672,0.018
13.07.2021,37256,18739,3201,0.086,0.503,99,0.005,0,0.000,0.000
14.07.2021,74661,35541,7151,0.096,0.476,120,0.003,78,0.650,0.002
15.07.2021,2574,1217,215,0.084,0.473,29,0.024,0,0.000,0.000
16.07.2021,0,0,0,0.000,0.000,0,0.000,0,0.000,0.000
17.07.2021,0,0,0,0.000,0.000,0,0.000,0,0.000,0.000
18.07.2021,0,0,0,0.000,0.000,0,0.000,0,0.000,0.000
19.07.2021,56099,18118,2801,0.050,0.323,435,0.024,264,0.607,0.015
20.07.2021,75877,15946,1021,0.013,0.210,358,0.022,227,0.634,0.014
21.07.2021,56728,19287,933,0.016,0.340,509,0.026,222,0.436,0.012
22.07.2021,0,0,0,0.000,0.000,0,0.000,0,0.000,0.000
23.07.2021,0,0,0,0.000,0.000,0,0.000,0,0.000,0.000
24.07.2021,0,0,0,0.000,0.000,0,0.000,0,0.000,0.000
25.07.2021,0,0,0,0.000,0.000,0,0.000,0,0.000,0.000
26.07.2021,0,0,0,0.000,0.000,0,0.000,0,0.000,0.000
27.07.2021,0,0,0,0.000,0.000,0,0.000,0,0.000,0.000
28.07.2021,0,0,0,0.000,0.000,0,0.000,0,0.000,0.000
29.07.2021,0,0,0,0.000,0.000,0,0.000,0,0.000,0.000
30.07.2021,0,0,0,0.000,0.000,0,0.000,0,0.000,0.000
31.07.2021,0,0,0,0.000,0.000,0,0.000,0,0.000,0.000
01.08.2021,50698,9456,203,0.004,0.187,118,0.012,76,0.644,0.008
02.08.2021,94594,25094,2944,0.031,0.265,486,0.019,353,0.726,0.014
03.08.2021,12630,3068,249,0.020,0.243,60,0.020,34,0.567,0.011
04.08.2021,12714,5470,586,0.046,0.430,122,0.022,85,0.697,0.016
05.08.2021,0,0,0,0.000,0.000,0,0.000,0,0.000,0.000
06.08.2021,0,0,0,0.000,0.000,0,0.000,0,0.000,0.000
07.08.2021,0,0,0,0.000,0.000,0,0.000,0,0.000,0.000
08.08.2021,11376,5133,602,0.053,0.451,133,0.026,87,0.654,0.017
09.08.2021,0,0,0,0.000,0.000,0,0.000,0,0.000,0.000
10.08.2021,9578,3628,325,0.034,0.379,100,0.028,76,0.760,0.021
11.08.2021,7746,4079,583,0.075,0.527,103,0.025,72,0.699,0.018
12.08.2021,12065,4362,430,0.036,0.362,104,0.024,69,0.663,0.016
13.08.2021,0,0,0,0.000,0.000,0,0.000,0,0.000,0.000
14.08.2021,0,0,0,0.000,0.000,0,0.000,0,0.000,0.000
15.08.2021,10336,4238,456,0.044,0.410,100,0.024,64,0.640,0.015
16.08.2021,9937,4371,444,0.045,0.440,103,0.024,75,0.728,0.017
17.08.2021,13224,5881,576,0.044,0.445,136,0.023,98,0.721,0.017
18.08.2021,10993,4651,535,0.049,0.423,134,0.029,96,0.716,0.021
19.08.2021,8274,4462,618,0.075,0.539,140,0.031,94,0.671,0.021
20.08.2021,0,0,0,0.000,0.000,0,0.000,0,0.000,0.000
21.08.2021,0,0,0,0.000,0.000,0,0.000,0,0.000,0.000
22.08.2021,12236,4818,464,0.038,0.394,141,0.029,99,0.702,0.021
23.08.2021,12305,4532,577,0.047,0.368,137,0.030,96,0.701,0.021
24.08.2021,13420,5999,689,0.051,0.447,207,0.035,144,0.696,0.024
25.08.2021,0,0,0,0.000,0.000,0,0.000,0,0.000,0.000
26.08.2021,15756,6660,798,0.051,0.423,224,0.034,143,0.638,0.021
27.08.2021,0,0,0,0.000,0.000,0,0.000,0,0.000,0.000
28.08.2021,0,0,0,0.000,0.000,0,0.000,0,0.000,0.000
29.08.2021,2516,587,13,0.005,0.233,9,0.015,8,0.889,0.014
30.08.2021,8228,3376,386,0.047,0.410,105,0.031,73,0.695,0.022
31.08.2021,16855,7859,1103,0.065,0.466,258,0.033,168,0.651,0.021
01.09.2021,18861,8372,1161,0.062,0.444,258,0.031,193,0.748,0.023
02.09.2021,25096,8058,1169,0.047,0.321,253,0.031,164,0.648,0.020
03.09.2021,0,0,0,0.000,0.000,0,0.000,0,0.000,0.000
04.09.2021,0,0,0,0.000,0.000,0,0.000,0,0.000,0.000
05.09.2021,0,0,0,0.000,0.000,0,0.000,0,0.000,0.000
06.09.2021,0,0,0,0.000,0.000,0,0.000,0,0.000,0.000
07.09.2021,0,0,0,0.000,0.000,0,0.000,0,0.000,0.000
08.09.2021,0,0,0,0.000,0.000,0,0.000,0,0.000,0.000
09.09.2021,17931,7438,783,0.044,0.415,216,0.029,150,0.694,0.020
10.09.2021,0,0,0,0.000,0.000,0,0.000,0,0.000,0.000
11.09.2021,0,0,0,0.000,0.000,0,0.000,0,0.000,0.000
12.09.2021,0,0,0,0.000,0.000,0,0.000,0,0.000,0.000
13.09.2021,16380,7565,835,0.051,0.462,215,0.028,169,0.786,0.022
14.09.2021,14177,6586,799,0.056,0.465,191,0.029,154,0.806,0.023
15.09.2021,0,0,0,0.000,0.000,0,0.000,0,0.000,0.000
16.09.2021,0,0,0,0.000,0.000,0,0.000,0,0.000,0.000
17.09.2021,0,0,0,0.000,0.000,0,0.000,0,0.000,0.000
18.09.2021,0,0,0,0.000,0.000,0,0.000,0,0.000,0.000
19.09.2021,0,0,0,0.000,0.000,0,0.000,0,0.000,0.000
20.09.2021,0,0,0,0.000,0.000,0,0.000,0,0.000,0.000
21.09.2021,0,0,0,0.000,0.000,0,0.000,0,0.000,0.000
22.09.2021,0,0,0,0.000,0.000,0,0.000,0,0.000,0.000
23.09.2021,0,0,0,0.000,0.000,0,0.000,0,0.000,0.000
24.09.2021,0,0,0,0.000,0.000,0,0.000,0,0.000,0.000
25.09.2021,0,0,0,0.000,0.000,0,0.000,0,0.000,0.000
26.09.2021,0,0,0,0.000,0.000,0,0.000,0,0.000,0.000
27.09.2021,0,0,0,0.000,0.000,0,0.000,0,0.000,0.000
28.09.2021,0,0,0,0.000,0.000,0,0.000,0,0.000,0.000
29.09.2021,14308,7024,783,0.055,0.491,190,0.027,137,0.721,0.020
30.09.2021,0,0,0,0.000,0.000,0,0.000,0,0.000,0.000
01.10.2021,9890,3764,503,0.051,0.381,111,0.029,84,0.757,0.022
02.10.2021,0,0,0,0.000,0.000,0,0.000,0,0.000,0.000
03.10.2021,18974,10113,1419,0.075,0.533,170,0.017,129,0.759,0.013
04.10.2021,14969,7384,820,0.055,0.493,191,0.026,149,0.780,0.020
05.10.2021,14511,7102,918,0.063,0.489,192,0.027,152,0.792,0.021
06.10.2021,13464,6117,852,0.063,0.454,165,0.027,122,0.739,0.020
07.10.2021,14845,5773,794,0.053,0.389,168,0.029,124,0.738,0.021
08.10.2021,0,0,0,0.000,0.000,0,0.000,0,0.000,0.000
09.10.2021,0,0,0,0.000,0.000,0,0.000,0,0.000,0.000
10.10.2021,17598,7284,1038,0.059,0.414,163,0.022,132,0.810,0.018
11.10.2021,16624,6805,877,0.053,0.409,166,0.024,131,0.789,0.019
12.10.2021,14328,6064,615,0.043,0.423,166,0.027,130,0.783,0.021
13.10.2021,14438,6048,850,0.059,0.419,158,0.026,138,0.873,0.023
14.10.2021,12614,5235,649,0.051,0.415,144,0.028,121,0.840,0.023
15.10.2021,0,0,0,0.000,0.000,0,0.000,0,0.000,0.000
16.10.2021,0,0,0,0.000,0.000,0,0.000,0,0.000,0.000
17.10.2021,11604,5130,639,0.055,0.442,146,0.028,127,0.870,0.025
18.10.2021,19058,8595,1297,0.068,0.451,218,0.025,175,0.803,0.020
19.10.2021,21972,9328,1199,0.055,0.425,213,0.023,176,0.826,0.019
20.10.2021,24222,10170,1327,0.055,0.420,213,0.021,196,0.920,0.019
21.10.2021,15373,6442,448,0.029,0.419,101,0.016,71,0.703,0.011
22.10.2021,14205,6337,1084,0.076,0.446,169,0.027,101,0.598,0.016
23.10.2021,0,0,0,0.000,0.000,0,0.000,0,0.000,0.000
24.10.2021,35091,17295,2433,0.069,0.493,376,0.022,269,0.715,0.016
25.10.2021,47248,20375,2721,0.058,0.431,369,0.018,272,0.737,0.013
26.10.2021,42750,16962,1890,0.044,0.397,341,0.020,265,0.777,0.016
27.10.2021,37597,15342,1801,0.048,0.408,239,0.016,166,0.695,0.011
28.10.2021,87764,40371,6313,0.072,0.460,163,0.004,120,0.736,0.003
29.10.2021,0,0,0,0.000,0.000,0,0.000,0,0.000,0.000
30.10.2021,0,0,0,0.000,0.000,0,0.000,0,0.000,0.000
31.10.2021,59165,21842,2197,0.037,0.369,417,0.019,318,0.763,0.015
01.11.2021,56899,20495,2511,0.044,0.360,331,0.016,250,0.755,0.012
02.11.2021,68245,28717,4500,0.066,0.421,526,0.018,341,0.648,0.012
03.11.2021,59877,22863,3028,0.051,0.382,73,0.003,45,0.616,0.002
04.11.2021,73732,28519,4284,0.058,0.387,287,0.010,160,0.557,0.006
05.11.2021,0,0,0,0.000,0.000,0,0.000,0,0.000,0.000
06.11.2021,0,0,0,0.000,0.000,0,0.000,0,0.000,0.000
07.11.2021,70937,26939,4078,0.057,0.380,215,0.008,117,0.544,0.004
08.11.2021,71208,25420,3890,0.055,0.357,240,0.009,144,0.600,0.006
09.11.2021,75301,30409,4142,0.055,0.404,348,0.011,195,0.560,0.006
10.11.2021,38357,20506,2412,0.063,0.535,272,0.013,143,0.526,0.007
11.11.2021,44547,20311,2369,0.053,0.456,271,0.013,122,0.450,0.006
12.11.2021,0,0,0,0.000,0.000,0,0.000,0,0.000,0.000
13.11.2021,0,0,0,0.000,0.000,0,0.000,0,0.000,0.000
14.11.2021,37833,18381,1769,0.047,0.486,213,0.012,113,0.531,0.006
15.11.2021,37308,18843,2081,0.056,0.505,211,0.011,103,0.488,0.005
16.11.2021,55129,27491,3422,0.062,0.499,274,0.010,227,0.828,0.008
17.11.2021,45842,23948,2671,0.058,0.522,272,0.011,217,0.798,0.009
18.11.2021,0,0,0,0.000,0.000,0,0.000,0,0.000,0.000
19.11.2021,0,0,0,0.000,0.000,0,0.000,0,0.000,0.000
20.11.2021,0,0,0,0.000,0.000,0,0.000,0,0.000,0.000
21.11.2021,43971,21580,2167,0.049,0.491,270,0.013,214,0.793,0.010
22.11.2021,47801,24049,2564,0.054,0.503,276,0.011,203,0.736,0.008
23.11.2021,45773,21056,2429,0.053,0.460,254,0.012,201,0.791,0.010
24.11.2021,28197,13659,1649,0.058,0.484,209,0.015,182,0.871,0.013
25.11.2021,30236,12410,1303,0.043,0.410,220,0.018,161,0.732,0.013
26.11.2021,0,0,0,0.000,0.000,0,0.000,0,0.000,0.000
27.11.2021,0,0,0,0.000,0.000,0,0.000,0,0.000,0.000
28.11.2021,23369,10101,1002,0.043,0.432,193,0.019,148,0.767,0.015
29.11.2021,27440,10192,1032,0.038,0.371,186,0.018,150,0.806,0.015
30.11.2021,0,0,0,0.000,0.000,0,0.000,0,0.000,0.000
01.12.2021,0,0,0,0.000,0.000,0,0.000,0,0.000,0.000
02.12.2021,24049,8235,952,0.040,0.342,151,0.018,124,0.821,0.015
03.12.2021,0,0,0,0.000,0.000,0,0.000,0,0.000,0.000
04.12.2021,0,0,0,0.000,0.000,0,0.000,0,0.000,0.000
05.12.2021,0,0,0,0.000,0.000,0,0.000,0,0.000,0.000
06.12.2021,50423,22558,2824,0.056,0.447,409,0.018,302,0.738,0.013
07.12.2021,34102,14509,1579,0.046,0.425,266,0.018,202,0.759,0.014
08.12.2021,31753,12753,1170,0.037,0.402,262,0.021,191,0.729,0.015
09.12.2021,38104,17320,1675,0.044,0.455,300,0.017,214,0.713,0.012
10.12.2021,0,0,0,0.000,0.000,0,0.000,0,0.000,0.000
11.12.2021,0,0,0,0.000,0.000,0,0.000,0,0.000,0.000
12.12.2021,30092,15173,1138,0.038,0.504,305,0.020,212,0.695,0.014
13.12.2021,32417,16446,1489,0.046,0.507,311,0.019,227,0.730,0.014
14.12.2021,0,0,0,0.000,0.000,0,0.000,0,0.000,0.000
15.12.2021,38178,19210,2096,0.055,0.503,265,0.014,188,0.709,0.010
16.12.2021,35892,12355,1734,0.048,0.344,313,0.025,220,0.703,0.018
17.12.2021,0,0,0,0.000,0.000,0,0.000,0,0.000,0.000
18.12.2021,0,0,0,0.000,0.000,0,0.000,0,0.000,0.000
19.12.2021,36666,10149,1432,0.039,0.277,315,0.031,228,0.724,0.022
20.12.2021,30673,7547,1279,0.042,0.246,259,0.034,167,0.645,0.022
21.12.2021,29525,8937,1639,0.056,0.303,306,0.034,218,0.712,0.024
22.12.2021,36293,10472,1861,0.051,0.289,312,0.030,212,0.679,0.020
23.12.2021,35016,9215,1580,0.045,0.263,305,0.033,205,0.672,0.022
24.12.2021,0,0,0,0.000,0.000,0,0.000,0,0.000,0.000
25.12.2021,0,0,0,0.000,0.000,0,0.000,0,0.000,0.000
26.12.2021,45210,10910,2013,0.045,0.241,304,0.028,188,0.618,0.017
27.12.2021,42943,13087,1227,0.029,0.305,353,0.027,227,0.643,0.017
28.12.2021,43807,12039,956,0.022,0.275,319,0.026,218,0.683,0.018
29.12.2021,35097,13660,1233,0.035,0.389,352,0.026,212,0.602,0.016
30.12.2021,41374,14341,1112,0.027,0.347,361,0.025,206,0.571,0.014
31.12.2021,0,0,0,0.000,0.000,0,0.000,0,0.000,0.000
01.01.2022,0,0,0,0.000,0.000,0,0.000,0,0.000,0.000
02.01.2022,39978,14524,1067,0.027,0.363,362,0.025,245,0.677,0.017
03.01.2022,44429,14499,1056,0.024,0.326,352,0.024,300,0.852,0.021
04.01.2022,39804,16188,1234,0.031,0.407,357,0.022,289,0.810,0.018
05.01.2022,35968,14408,1034,0.029,0.401,350,0.024,281,0.803,0.020
06.01.2022,0,0,0,0.000,0.000,0,0.000,0,0.000,0.000
07.01.2022,0,0,0,0.000,0.000,0,0.000,0,0.000,0.000
08.01.2022,0,0,0,0.000,0.000,0,0.000,0,0.000,0.000
09.01.2022,3900,723,29,0.007,0.185,13,0.018,4,0.308,0.006
10.01.2022,0,0,0,0.000,0.000,0,0.000,0,0.000,0.000
11.01.2022,0,0,0,0.000,0.000,0,0.000,0,0.000,0.000
12.01.2022,0,0,0,0.000,0.000,0,0.000,0,0.000,0.000
13.01.2022,15703,6329,366,0.023,0.403,119,0.019,52,0.437,0.008
14.01.2022,0,0,0,0.000,0.000,0,0.000,0,0.000,0.000
15.01.2022,0,0,0,0.000,0.000,0,0.000,0,0.000,0.000
16.01.2022,46311,23501,3756,0.081,0.507,324,0.014,189,0.583,0.008
17.01.2022,0,0,0,0.000,0.000,0,0.000,0,0.000,0.000
18.01.2022,48711,22397,3075,0.063,0.460,357,0.016,207,0.580,0.009
19.01.2022,42376,20165,2884,0.068,0.476,358,0.018,177,0.494,0.009
20.01.2022,46133,22243,3391,0.074,0.482,355,0.016,224,0.631,0.010
21.01.2022,0,0,0,0.000,0.000,0,0.000,0,0.000,0.000
22.01.2022,0,0,0,0.000,0.000,0,0.000,0,0.000,0.000
23.01.2022,0,0,0,0.000,0.000,0,0.000,0,0.000,0.000
24.01.2022,38085,17120,2277,0.060,0.450,352,0.021,224,0.636,0.013
25.01.2022,36553,17878,2469,0.068,0.489,355,0.020,201,0.566,0.011
26.01.2022,37273,17747,2562,0.069,0.476,357,0.020,240,0.672,0.014
27.01.2022,45246,22109,2987,0.066,0.489,353,0.016,239,0.677,0.011
28.01.2022,0,0,0,0.000,0.000,0,0.000,0,0.000,0.000
29.01.2022,0,0,0,0.000,0.000,0,0.000,0,0.000,0.000
30.01.2022,42180,18916,2771,0.066,0.448,308,0.016,195,0.633,0.010
31.01.2022,0,0,0,0.000,0.000,0,0.000,0,0.000,0.000
01.02.2022,0,0,0,0.000,0.000,0,0.000,0,0.000,0.000
02.02.2022,0,0,0,0.000,0.000,0,0.000,0,0.000,0.000
03.02.2022,0,0,0,0.000,0.000,0,0.000,0,0.000,0.000
04.02.2022,0,0,0,0.000,0.000,0,0.000,0,0.000,0.000
05.02.2022,0,0,0,0.000,0.000,0,0.000,0,0.000,0.000
06.02.2022,0,0,0,0.000,0.000,0,0.000,0,0.000,0.000
07.02.2022,45835,16659,2292,0.050,0.363,285,0.017,201,0.705,0.012
08.02.2022,54920,20974,3824,0.070,0.382,342,0.016,243,0.711,0.012
09.02.2022,55898,22664,3579,0.064,0.405,355,0.016,264,0.744,0.012
10.02.2022,20026,6337,557,0.028,0.316,112,0.018,80,0.714,0.013
11.02.2022,0,0,0,0.000,0.000,0,0.000,0,0.000,0.000
12.02.2022,0,0,0,0.000,0.000,0,0.000,0,0.000,0.000
13.02.2022,45879,23277,3690,0.080,0.507,347,0.015,240,0.692,0.010
14.02.2022,44178,23189,3255,0.074,0.525,342,0.015,245,0.716,0.011
15.02.2022,38345,18739,2647,0.069,0.489,353,0.019,251,0.711,0.013
16.02.2022,26209,11163,1514,0.058,0.426,226,0.020,173,0.765,0.015
17.02.2022,0,0,0,0.000,0.000,0,0.000,0,0.000,0.000
18.02.2022,0,0,0,0.000,0.000,0,0.000,0,0.000,0.000
19.02.2022,0,0,0,0.000,0.000,0,0.000,0,0.000,0.000
20.02.2022,23454,11759,1279,0.055,0.501,140,0.012,112,0.800,0.010
21.02.2022,36359,11517,1597,0.044,0.317,206,0.018,146,0.709,0.013
22.02.2022,38689,11352,1712,0.044,0.293,185,0.016,143,0.773,0.013
23.02.2022,29660,4911,786,0.027,0.166,79,0.016,61,0.772,0.012
24.02.2022,43437,6387,1074,0.025,0.147,114,0.018,0,0.000,0.000
25.02.2022,0,0,0,0.000,0.000,0,0.000,0,0.000,0.000
26.02.2022,0,0,0,0.000,0.000,0,0.000,0,0.000,0.000
27.02.2022,38407,4531,519,0.014,0.118,40,0.009,26,0.650,0.006
28.02.2022,0,0,0,0.000,0.000,0,0.000,0,0.000,0.000
01.03.2022,0,0,0,0.000,0.000,0,0.000,0,0.000,0.000
02.03.2022,0,0,0,0.000,0.000,0,0.000,0,0.000,0.000
03.03.2022,0,0,0,0.000,0.000,0,0.000,0,0.000,0.000
04.03.2022,0,0,0,0.000,0.000,0,0.000,0,0.000,0.000
05.03.2022,0,0,0,0.000,0.000,0,0.000,0,0.000,0.000
06.03.2022,25797,11478,1799,0.070,0.445,222,0.019,150,0.676,0.013
07.03.2022,19843,8347,1170,0.059,0.421,167,0.020,122,0.731,0.015
08.03.2022,61204,32736,5258,0.086,0.535,620,0.019,428,0.690,0.013
09.03.2022,49120,22150,3099,0.063,0.451,396,0.018,229,0.578,0.010
10.03.2022,42358,19718,2987,0.071,0.466,400,0.020,264,0.660,0.013
11.03.2022,0,0,0,0.000,0.000,0,0.000,0,0.000,0.000
12.03.2022,0,0,0,0.000,0.000,0,0.000,0,0.000,0.000
13.03.2022,38083,17675,2657,0.070,0.464,375,0.021,242,0.645,0.014
14.03.2022,45640,21471,3311,0.073,0.470,404,0.019,265,0.656,0.012
15.03.2022,46809,21789,3202,0.068,0.465,409,0.019,276,0.675,0.013
16.03.2022,0,0,0,0.000,0.000,0,0.000,0,0.000,0.000
17.03.2022,0,0,0,0.000,0.000,0,0.000,0,0.000,0.000
18.03.2022,0,0,0,0.000,0.000,0,0.000,0,0.000,0.000
19.03.2022,0,0,0,0.000,0.000,0,0.000,0,0.000,0.000
20.03.2022,0,0,0,0.000,0.000,0,0.000,0,0.000,0.000
21.03.2022,37437,15885,2350,0.063,0.424,325,0.020,229,0.705,0.014
22.03.2022,39849,17870,2473,0.062,0.448,324,0.018,277,0.855,0.016
23.03.2022,35317,16184,2381,0.067,0.458,326,0.020,236,0.724,0.015
24.03.2022,39835,17592,2898,0.073,0.442,326,0.019,226,0.693,0.013
25.03.2022,0,0,0,0.000,0.000,0,0.000,0,0.000,0.000
26.03.2022,0,0,0,0.000,0.000,0,0.000,0,0.000,0.000
27.03.2022,39758,18610,2760,0.069,0.468,323,0.017,226,0.700,0.012
28.03.2022,40116,19063,2839,0.071,0.475,331,0.017,230,0.695,0.012
29.03.2022,36776,17534,2394,0.065,0.477,324,0.018,234,0.722,0.013
30.03.2022,38960,17624,2876,0.074,0.452,326,0.018,0,0.000,0.000
31.03.2022,2435,514,8,0.003,0.211,6,0.012,5,0.833,0.010
01.04.2022,0,0,0,0.000,0.000,0,0.000,0,0.000,0.000
02.04.2022,0,0,0,0.000,0.000,0,0.000,0,0.000,0.000
03.04.2022,42325,22558,3036,0.072,0.533,473,0.021,341,0.721,0.015
04.04.2022,37932,16697,2715,0.072,0.440,359,0.022,245,0.682,0.015
05.04.2022,37443,16495,2577,0.069,0.441,361,0.022,233,0.645,0.014
06.04.2022,37370,16288,2237,0.060,0.436,273,0.017,188,0.689,0.012
07.04.2022,37149,15629,2565,0.069,0.421,300,0.019,187,0.623,0.012
08.04.2022,0,0,0,0.000,0.000,0,0.000,0,0.000,0.000
09.04.2022,0,0,0,0.000,0.000,0,0.000,0,0.000,0.000
10.04.2022,37259,14510,2232,0.060,0.389,300,0.021,197,0.657,0.014
11.04.2022,0,0,0,0.000,0.000,0,0.000,0,0.000,0.000
12.04.2022,0,0,0,0.000,0.000,0,0.000,0,0.000,0.000
13.04.2022,0,0,0,0.000,0.000,0,0.000,0,0.000,0.000
14.04.2022,0,0,0,0.000,0.000,0,0.000,0,0.000,0.000
15.04.2022,0,0,0,0.000,0.000,0,0.000,0,0.000,0.000
16.04.2022,0,0,0,0.000,0.000,0,0.000,0,0.000,0.000
17.04.2022,0,0,0,0.000,0.000,0,0.000,0,0.000,0.000
18.04.2022,0,0,0,0.000,0.000,0,0.000,0,0.000,0.000
19.04.2022,0,0,0,0.000,0.000,0,0.000,0,0.000,0.000
20.04.2022,0,0,0,0.000,0.000,0,0.000,0,0.000,0.000
21.04.2022,0,0,0,0.000,0.000,0,0.000,0,0.000,0.000
22.04.2022,0,0,0,0.000,0.000,0,0.000,0,0.000,0.000
23.04.2022,0,0,0,0.000,0.000,0,0.000,0,0.000,0.000
24.04.2022,0,0,0,0.000,0.000,0,0.000,0,0.000,0.000
25.04.2022,0,0,0,0.000,0.000,0,0.000,0,0.000,0.000
26.04.2022,0,0,0,0.000,0.000,0,0.000,0,0.000,0.000
27.04.2022,0,0,0,0.000,0.000,0,0.000,0,0.000,0.000
28.04.2022,0,0,0,0.000,0.000,0,0.000,0,0.000,0.000
29.04.2022,0,0,0,0.000,0.000,0,0.000,0,0.000,0.000
30.04.2022,0,0,0,0.000,0.000,0,0.000,0,0.000,0.000
01.05.2022,34323,15732,1796,0.052,0.458,328,0.021,215,0.655,0.014
02.05.2022,13923,1330,93,0.007,0.096,16,0.012,10,0.625,0.008
03.05.2022,10022,1704,263,0.026,0.170,24,0.014,15,0.625,0.009
04.05.2022,5367,855,91,0.017,0.159,18,0.021,12,0.667,0.014
05.05.2022,37064,16847,1798,0.049,0.455,382,0.023,191,0.500,0.011
06.05.2022,23650,8964,822,0.035,0.379,204,0.023,121,0.593,0.013
07.05.2022,0,0,0,0.000,0.000,0,0.000,0,0.000,0.000
08.05.2022,25361,10506,818,0.032,0.414,218,0.021,143,0.656,0.014
09.05.2022,24309,12719,2091,0.086,0.523,259,0.020,173,0.668,0.014
10.05.2022,54805,30842,4404,0.080,0.563,556,0.018,373,0.671,0.012
11.05.2022,66557,34466,4654,0.070,0.518,556,0.016,388,0.698,0.011
12.05.2022,27004,8909,1016,0.038,0.330,179,0.020,121,0.676,0.014
13.05.2022,0,0,0,0.000,0.000,0,0.000,0,0.000,0.000
14.05.2022,0,0,0,0.000,0.000,0,0.000,0,0.000,0.000
15.05.2022,93556,53194,7854,0.084,0.569,908,0.017,657,0.724,0.012
16.05.2022,52348,26184,3379,0.065,0.500,565,0.022,427,0.756,0.016
17.05.2022,60575,30519,4169,0.069,0.504,611,0.020,433,0.709,0.014
18.05.2022,62558,30872,4122,0.066,0.493,608,0.020,441,0.725,0.014
19.05.2022,50382,23918,3211,0.064,0.475,602,0.025,442,0.734,0.018
20.05.2022,0,0,0,0.000,0.000,0,0.000,0,0.000,0.000
21.05.2022,0,0,0,0.000,0.000,0,0.000,0,0.000,0.000
22.05.2022,54582,27928,3804,0.070,0.512,606,0.022,432,0.713,0.015
23.05.2022,59383,29842,3911,0.066,0.503,603,0.020,420,0.697,0.014
24.05.2022,56293,31219,4102,0.073,0.555,605,0.019,344,0.569,0.011
25.05.2022,52928,27391,3763,0.071,0.518,603,0.022,359,0.595,0.013
26.05.2022,53939,26532,3680,0.068,0.492,603,0.023,393,0.652,0.015
27.05.2022,0,0,0,0.000,0.000,0,0.000,0,0.000,0.000
28.05.2022,0,0,0,0.000,0.000,0,0.000,0,0.000,0.000
29.05.2022,0,0,0,0.000,0.000,0,0.000,0,0.000,0.000
30.05.2022,57150,31764,5035,0.088,0.556,605,0.019,373,0.617,0.012
31.05.2022,84005,42384,5818,0.069,0.505,905,0.021,555,0.613,0.013